<?xml version="1.0" encoding="UTF-8"?>
<Configuration>
	<Appenders>
		<Console name="Console" target="SYSTEM_OUT">
			<PatternLayout pattern="%d{yyyy-MM-dd HH:mm:ss} [%t] %-5level %-50c{1.} - %msg %n" />
		</Console>
		
		<RollingFile 
			name="RollingFile" 
			filename="./logs/FinalExam.log"
			filePattern="./logs/$${date:yyyy-MM}/HelloWorld-%d{-dd-MMMM-yyyy}-%i.log.gz">
            <PatternLayout>
                <pattern>%d{yyyy-MM-dd HH:mm:ss} [%t] %-5level %-50c{1.} - %msg %n</pattern>
            </PatternLayout>
            <Policies>
                <OnStartupTriggeringPolicy />
                <SizeBasedTriggeringPolicy size="10 MB" />
                <TimeBasedTriggeringPolicy />
            </Policies>
        </RollingFile>
	</Appenders>

 	<Loggers>
        <Root level="info">
            <AppenderRef ref="Console" />
            <AppenderRef ref="RollingFile" />
        </Root>
    </Loggers>
</Configuration>